Year,predicted_co2,actual_co2,Difference
2013,118657.47780101467,123296.90199999996,-4639.424198985289
2014,120142.36030045478,123731.26199999999,-3588.901699545211
2015,121627.24279989535,123813.289,-2186.0462001046544
2016,123112.12529933546,123890.71599999997,-778.5907006645139
2017,124597.00779877603,125438.73399999997,-841.7262012239371
2018,126081.8902982166,127746.944,-1665.0537017833994
2019,127566.77279765671,127568.91500000008,-2.1422023433697177
